plate	sample	inferred_type	numAcquisitions	A_cleavage_1	SN_A_cleavage_1	A_cleavage_2	SN_A_cleavage_2	A_intact	SN_A_intact	B_cleavage_1	SN_B_cleavage_1	B_cleavage_2	SN_B_cleavage_2	B_intact	SN_B_intact	E_cleavage_1	SN_E_cleavage_1	E_cleavage_2	SN_E_cleavage_2	E_intact	SN_E_intact	F_cleavage_1	SN_F_cleavage_1	F_cleavage_2	SN_F_cleavage_2	F_intact	SN_F_intact	F5_cleavage_1	SN_F5_cleavage_1	F5_cleavage_2	SN_F5_cleavage_2	F5_intact	SN_F5_intact
157006	833	F	2	-1	-1	-1	-1	3287.3303787171762	1349.6873956867782	-1	-1	-1	-1	4026.4552694269869	722.43445151258129	-1	-1	-1	-1	3615.4504047565647	1163.6208550271499	-1	-1	3786.7633428617437	26.614462926326045	-1	-1	-1	-1	-1	-1	5112.2889351788917	757.42154467201215
157006	NC	F	2	-1	-1	-1	-1	3287.3822666060978	1991.9825902522216	-1	-1	-1	-1	4025.9944873782911	1101.8156690967389	-1	-1	-1	-1	3615.8717942733297	1445.4059714493424	-1	-1	3786.837711356372	34.518718750224259	-1	-1	-1	-1	-1	-1	5112.2284907943931	837.26373473152182
157006	PC	A,B,E,F (inconclusive: 4 conflicts)	4	998.85873598306989	560.98885204435146	2306.8272908918025	1310.9480562679032	3287.0232937523824	721.58977654440469	1760.7226250868371	370.55349963818435	2284.3774361128694	1183.0789405239848	4025.7460178677225	1285.8403588628526	1133.4889593144017	31.170589620598367	2501.6493516967239	238.29885444357191	3615.6430887250572	1077.4700226365023	1346.7826768620807	359.56604128947453	3786.8567505286833	27.755853784613084	-1	-1	-1	-1	-1	-1	5112.3083086751167	487.25550652734029
