plate	sample	inferred_type	numAcquisitions	A_cleavage_1	SN_A_cleavage_1	A_cleavage_2	SN_A_cleavage_2	A_intact	SN_A_intact	B_cleavage_1	SN_B_cleavage_1	B_cleavage_2	SN_B_cleavage_2	B_intact	SN_B_intact	E_cleavage_1	SN_E_cleavage_1	E_cleavage_2	SN_E_cleavage_2	E_intact	SN_E_intact	F_cleavage_1	SN_F_cleavage_1	F_cleavage_2	SN_F_cleavage_2	F_intact	SN_F_intact	F5_cleavage_1	SN_F5_cleavage_1	F5_cleavage_2	SN_F5_cleavage_2	F5_intact	SN_F5_intact
157006	833	F	2	-1	-1	-1	-1	3287.1070204846428	1618.6815103828742	-1	-1	-1	-1	4025.9124841223634	1764.9708735046665	-1	-1	-1	-1	3615.4504047565647	1163.6208550271499	-1	-1	3786.3507221510699	25.11405972145544	-1	-1	-1	-1	-1	-1	5112.2452598825785	800.34720125621118
157006	NC	F	2	-1	-1	-1	-1	3286.8485702694197	996.9485857024963	-1	-1	-1	-1	4025.9944873782911	1101.8156690967389	-1	-1	-1	-1	3615.4645616340858	1354.6418843043627	-1	-1	3786.837711356372	34.518718750224259	-1	-1	-1	-1	-1	-1	5111.928186328435	836.75206395350529
157006	PC	A,B,E,F (inconclusive: 4 conflicts)	4	998.80265344051645	394.27555075896271	2306.7710690100007	120.48829751023656	3286.9756528541297	755.31923854615775	1760.6408730975334	346.12459985782982	2284.3774361128694	1183.0789405239848	4025.7460178677225	1285.8403588628526	1133.3520403056511	51.827862601532757	2501.6485671866112	206.65905551955373	3615.6430887250572	1077.4700226365023	1346.6725905682786	278.05066269424429	3784.7115210630409	576.04924792991892	-1	-1	-1	-1	-1	-1	5112.3083086751167	487.25550652734029
