plate	sample	inferred_type	numAcquisitions	A_cleavage_1	SN_A_cleavage_1	A_cleavage_2	SN_A_cleavage_2	A_intact	SN_A_intact	B_cleavage_1	SN_B_cleavage_1	B_cleavage_2	SN_B_cleavage_2	B_intact	SN_B_intact	E_cleavage_1	SN_E_cleavage_1	E_cleavage_2	SN_E_cleavage_2	E_intact	SN_E_intact	F_cleavage_1	SN_F_cleavage_1	F_cleavage_2	SN_F_cleavage_2	F_intact	SN_F_intact	F5_cleavage_1	SN_F5_cleavage_1	F5_cleavage_2	SN_F5_cleavage_2	F5_intact	SN_F5_intact
149574	333	A,B,F,F5 (inconclusive: 28 conflicts)	21	-1	-1	2306.2754476783975	13.107361877634299	3287.306649571477	412.15719974049011	1760.6420009249653	44.916918915842608	2284.5576930369643	124.56514766937495	4025.8756139711659	150.97291592799257	-1	-1	-1	-1	3615.3246986351564	120.28497232027944	-1	-1	3786.5324505042581	19.057112914975544	-1	-1	1872.6745683125221	12.731368458369159	-1	-1	5111.3957836034606	107.54201530132175
149574	NC	B,F,F5	3	-1	-1	-1	-1	3287.2256664472993	216.22471424646534	1758.6163002071421	11.585136810372429	-1	-1	4025.4047916531872	166.19984390015159	-1	-1	-1	-1	3615.4207893389907	221.65102072528722	1342.69465084177	12.193204897909036	3786.4453599611475	16.204004551207138	-1	-1	1872.7089452201621	13.469525219817987	-1	-1	5111.766150486199	157.34246044045415
149574	PC	A,B,E,F,F5 (inconclusive: 8 conflicts)	6	999.2423681457816	151.32292465016997	2306.6290248565961	110.92305033041968	3286.8182913314408	245.08845683736723	1758.1241677182727	10.067679103708587	2284.7184514324517	252.4212806267131	4025.5592953486575	257.46072818214009	1132.5178611181959	14.967459015875839	2500.9585920887466	50.985853599660885	3615.0611259394959	179.56857787460146	1346.0580670194395	57.00607158972943	3786.0720412534329	15.049384342541027	-1	-1	1872.4856920206485	11.078002381189918	-1	-1	5111.1858222224282	115.08845999638245
