plate	sample	inferred_type	numAcquisitions	A_cleavage_1	SN_A_cleavage_1	A_cleavage_2	SN_A_cleavage_2	A_intact	SN_A_intact	B_cleavage_1	SN_B_cleavage_1	B_cleavage_2	SN_B_cleavage_2	B_intact	SN_B_intact	E_cleavage_1	SN_E_cleavage_1	E_cleavage_2	SN_E_cleavage_2	E_intact	SN_E_intact	F_cleavage_1	SN_F_cleavage_1	F_cleavage_2	SN_F_cleavage_2	F_intact	SN_F_intact	F5_cleavage_1	SN_F5_cleavage_1	F5_cleavage_2	SN_F5_cleavage_2	F5_intact	SN_F5_intact
149574	333	A,B,F,F5 (inconclusive: 28 conflicts)	21	-1	-1	2305.9493436683651	11.47819715382836	3286.9240621558133	206.4399679046619	1758.254691737322	11.373569103902355	2284.0777526284237	125.39400210700613	4025.6768500516591	214.38917156071716	-1	-1	-1	-1	3615.3246986351564	120.28497232027944	-1	-1	3785.8247761431799	11.153165914128751	-1	-1	1872.21076450027	14.803288954104168	-1	-1	5111.1942690637215	82.066811594320058
149574	NC	B,F,F5	3	-1	-1	-1	-1	3286.6003062757636	412.8666743870287	1758.2251110020109	14.612406841964178	-1	-1	4025.4047916531872	166.19984390015159	-1	-1	-1	-1	3615.2479695018205	224.38831509585657	1342.69465084177	12.193204897909036	3786.4453599611475	16.204004551207138	-1	-1	1872.1197758718843	15.406730694790074	-1	-1	5111.6341536431455	131.30511384634735
149574	PC	A,B,E,F,F5 (inconclusive: 8 conflicts)	6	998.83339993745278	97.775106329478561	2306.1612966609946	87.012639224742117	3286.5315018379315	174.24363282998459	1758.1241677182727	10.067679103708587	2284.0340469296948	150.80768098184367	4025.3808134504266	257.61290917544471	1132.2671353869703	16.461604982036711	2500.639723779107	54.079558243804733	3615.0611259394959	179.56857787460146	1345.9760600149255	36.708951926974343	3783.7063146488481	267.99203401790311	-1	-1	1872.1692198685255	13.409873141000956	-1	-1	5110.9580677619533	142.20177940445771
